{"cameraMode":{"drawMode":0,"name":"Shaded","section":"Shading Mode"},"sceneLighting":true,"audioPlay":false,"sceneViewState":{"showFog":true,"showMaterialUpdate":false,"showSkybox":false,"showFlares":true,"showImageEffects":true,"showParticleSystems":true},"in2DMode":false,"pivot":{"x":5.292280197143555,"y":1.3706245422363282,"z":4.1389923095703129},"rotation":{"x":-0.26762983202934267,"y":0.6131952404975891,"z":-0.2325151264667511,"w":-0.7059422135353088},"size":5.632309913635254,"orthographic":false}